year,country,city,stage,home_team,away_team,home_score,away_score,outcome,winning_team,losing_team,date,month,dayofweek
1962,Chile,Vi√±a del Mar,Group 3,Czechoslovakia,Mexico,1,3,A,Mexico,Czechoslovakia,1962-06-07,Jun,Thursday
1970,Mexico,Mexico City,Group 1,Mexico,El Salvador,4,0,H,Mexico,El Salvador,1970-06-07,Jun,Sunday
1970,Mexico,Mexico City,Group 1,Mexico,Belgium,1,0,H,Mexico,Belgium,1970-06-11,Jun,Thursday
1986,Mexico,Mexico City,Group B,Mexico,Belgium,2,1,H,Mexico,Belgium,1986-06-03,Jun,Tuesday
1986,Mexico,Mexico City,Group B,Mexico,Iraq,1,0,H,Mexico,Iraq,1986-06-11,Jun,Wednesday
1986,Mexico,Mexico City,Round of 16,Mexico,Bulgaria,2,0,H,Mexico,Bulgaria,1986-06-15,Jun,Sunday
1994,United States,Orlando,Group E,Mexico,Republic of Ireland,2,1,H,Mexico,Republic of Ireland,1994-06-24,Jun,Friday
1998,France,Lyon,Group E,South Korea,Mexico,1,3,A,Mexico,South Korea,1998-06-13,Jun,Saturday
2002,Japan,Niigata,Group G,Croatia,Mexico,0,1,A,Mexico,Croatia,2002-06-03,Jun,Monday
2002,Japan,Rifu,Group G,Mexico,Ecuador,2,1,H,Mexico,Ecuador,2002-06-09,Jun,Sunday
2006,Germany,Nuremberg,Group D,Mexico,Iran,3,1,H,Mexico,Iran,2006-06-11,Jun,Sunday
2010,South Africa,Polokwane,Group A,France,Mexico,0,2,A,Mexico,France,2010-06-17,Jun,Thursday
2014,Brazil,Natal,Group A,Mexico,Cameroon,1,0,H,Mexico,Cameroon,2014-06-13,Jun,Friday
2014,Brazil,Recife,Group A,Croatia,Mexico,1,3,A,Mexico,Croatia,2014-06-23,Jun,Monday
2018,Russia,Moscow,Group F,Germany,Mexico,0,1,A,Mexico,Germany,2018-06-17,Jun,Sunday
2018,Russia,Rostov-on-Don,Group F,South Korea,Mexico,1,2,A,Mexico,South Korea,2018-06-23,Jun,Saturday
